,MAE,MSE,RMSE,R2,set,modelo
0,1.0227925636268418,2.277273790019769,1.5090638787075148,0.8259324362545184,test,Random Forest
1,0.8248622611320877,1.6004136512175253,1.2650745635011105,0.8870168028224092,train,Random Forest
0,0.5293287260749375,0.6206315343345329,0.7878017100352936,0.9525608999503328,test,Decission Tree I
1,0.0,0.0,0.0,1.0,train,Decission Tree I
0,1.0478853895069815,2.004567857671129,1.4158276228662616,0.8467772101551814,test,Decision tree II
1,0.9647013311157914,1.757612670584578,1.3257498521910451,0.8759191420471716,train,Decision tree II
