,MAE,MSE,RMSE,R2,set,modelo
0,0.9927811209544289,2.1492451455587176,1.4660304040362593,0.8357185385355174,test,Random Forest
1,0.8101122882412012,1.621944592203684,1.2735558849943271,0.8854967991977165,train,Random Forest
