,MAE,MSE,RMSE,R2,set,modelo
0,533.8216692395448,611111.2626775206,781.7360569127668,0.6365233335552452,test,Random Forest
1,428.60300410093106,381516.64947597333,617.6703404535249,0.8114848860910003,train,Random Forest
