,MAE,MSE,RMSE,R2,set,modelo
0,517.0555555555555,431291.3333333333,656.7277467362966,0.7434766045389724,test,Decission Tree I
1,0.0,0.0,0.0,1.0,train,Decission Tree I
0,630.4918688337805,743370.3377538867,862.1892702614007,0.5578583004396767,test,Decision tree II
1,506.80303188097304,450051.98887734,670.8591423520588,0.7776201849520419,train,Decision tree II
