,MAE,MSE,RMSE,R2,set,modelo
0,0.9927811209544289,2.1492451455587176,1.4660304040362593,0.8357185385355174,test,Random Forest
1,0.8101122882412012,1.621944592203684,1.2735558849943271,0.8854967991977165,train,Random Forest
0,0.5293287260749375,0.6206315343345329,0.7878017100352936,0.9525608999503328,test,Decission Tree I
1,0.0,0.0,0.0,1.0,train,Decission Tree I
0,1.0478853895069815,2.004567857671129,1.4158276228662616,0.8467772101551814,test,Decision tree II
1,0.9647013311157914,1.757612670584578,1.3257498521910451,0.8759191420471716,train,Decision tree II
