,MAE,MSE,RMSE,R2,set,modelo
0,1.0227925636268418,2.277273790019769,1.5090638787075148,0.8259324362545184,test,Random Forest
1,0.8248622611320877,1.6004136512175253,1.2650745635011105,0.8870168028224092,train,Random Forest
