,MAE,MSE,RMSE,R2,set,modelo
0,388.34129031275484,231440.0256032131,481.08214018316363,0.899480945363792,test,Random Forest
1,438.77553190591965,460154.3355125068,678.346766420027,0.847215757413857,train,Random Forest
