,MAE,MSE,RMSE,R2,set,modelo
0,607.3333333333334,820203.5555555555,905.6509015926366,0.6437691112467785,test,Decission Tree I
1,0.0,0.0,0.0,1.0,train,Decission Tree I
0,495.7827904167364,476567.41890227,690.3386262569044,0.7930171918464874,test,Decision tree II
1,617.8642047104144,845206.6939635423,919.3512353630371,0.7193674934690516,train,Decision tree II
