,MAE,MSE,RMSE,R2,set,modelo
0,546.9493418829521,453670.6920666439,673.5508088233908,0.802961700493088,test,Random Forest
1,641.7304305404932,899734.6537848696,948.5434380063306,0.7012626699389413,train,Random Forest
