,MAE,MSE,RMSE,R2,set,modelo
0,607.3333333333334,820203.5555555555,905.6509015926366,0.6437691112467785,test,Decission Tree I
1,0.0,0.0,0.0,1.0,train,Decission Tree I
0,712.1392819598702,832235.8163799923,912.2695963255557,0.6385432585445228,test,Decision tree II
1,679.4838419244385,953938.0944957349,976.6975450443883,0.6832655959238745,train,Decision tree II
