,MAE,MSE,RMSE,R2,set,modelo
0,216.38888888888889,83142.94444444444,288.3451828008306,0.9638893482082717,test,Decission Tree I
1,0.0,0.0,0.0,1.0,train,Decission Tree I
0,673.5475141756392,688488.6221778669,829.752145027578,0.7009755540394143,test,Decision tree II
1,643.1909421564352,830623.8989066391,911.3857026016149,0.7242093935134712,train,Decision tree II
