,MAE,MSE,RMSE,R2,set,modelo
0,581.4888559769411,494853.8876232061,703.4585187651124,0.7850750109567634,test,Random Forest
1,660.1324100512996,909564.707760331,953.7110189991154,0.6979988142381164,train,Random Forest
